cluster,query_or_phrase,source_domain,source_url,observed_context,frequency_across_sources,deez_target_url,deez_has_product,deez_verified,action,notes
anime-apparel,anime t-shirts in pakistan,surteez.com,https://surteez.com/collections/anime-t-shirts-hoodies,Category title and meta description,high,https://deezprints.com/collections/anime-archive,yes,yes,Optimize meta title and descriptions,Surteez has only 13 items vs Deez 148 items
franchise,one piece t-shirt pakistan,dripzada.com,https://dripzada.com/collections/anime-tees/one-piece/,Franchise collection title and character listings,high,https://deezprints.com/collections/anime-archive,yes,yes,Enrich Luffy/Zoro PDPs,Deez has multiple Luffy and Zoro designs across fits
fit-style,240 gsm drop shoulder t-shirt,surteez.com,https://surteez.com/collections/oversized-graphic-t-shirts,Product specs and title modifiers,medium,https://deezprints.com/collections/drop-shoulder,yes,yes,Highlight 240+ GSM combed cotton,Deez confirmed drop shoulder is 240+ GSM
wash-style,acid wash anime tee,surteez.com,https://surteez.com/collections/oversized-graphic-t-shirts,Mineral wash and vintage dye descriptions,low,https://deezprints.com/collections/acid-wash,yes,yes,Highlight hand-processed mineral wash,Deez has 60 unique acid-wash SKUs (major differentiator)
tapestry,anime wall tapestry pakistan,kafka.pk,https://kafka.pk/products/goku-tapestry,Wall hanging decor and care instructions,medium,https://deezprints.com/collections/tapestries,yes,yes,Detail satin fabric and sublimation print,Deez has 33 anime and cinema tapestries in catalogue
custom-print,dtf printing karachi,printspk.com,https://printspk.com/product/t-shirt-printing-karachi,Service page and no minimum orders,high,https://deezprints.com/custom-print,yes,yes,Detail file specs 300 DPI and local Karachi dispatch,Deez prints made-to-order in Karachi
payment,cash on delivery (COD),surteez.com,https://surteez.com/collections/anime-t-shirts-hoodies,Site-wide banner and product titles,high,https://deezprints.com/payments,no,no,DO NOT CLAIM COD; highlight transparent bank/wallet transfers,Deez does not offer COD; do not fabricate payment claims
trust,customer reviews on page,havenwearpakistan.com,https://havenwearpakistan.com/collections/anime-collection-1,Display 4.8/5 rating based on 648 reviews,high,https://deezprints.com/reviews,no,no,DO NOT INVENT REVIEWS; wait for genuine owner review integration,Never create fake customer quotes or reviews
delivery,free delivery nationwide,chiefapparel.pk,https://chiefapparel.pk,Free shipping over Rs. 3000,medium,https://deezprints.com/shipping,yes,yes,State free delivery above Rs. 5000 accurately,Deez threshold is Rs. 5000; never copy competitor threshold
